<?xml version="1.0" encoding="UTF-8"?>
<beans xmlns="http://www.springframework.org/schema/beans"
    xmlns:xsi="http://www.w3.org/2001/XMLSchema-instance" xmlns:context="http://www.springframework.org/schema/context"
    xsi:schemaLocation="http://www.springframework.org/schema/beans
    http://www.springframework.org/schema/beans/spring-beans-4.3.xsd
    http://www.springframework.org/schema/context
    http://www.springframework.org/schema/context/spring-context.xsd">
    
	<!-- 自定义Realm -->
	<bean id="myRealm" class="com.alucn.weblab.realm.MyShiroRealm"/>  
	
	<!-- 安全管理器 -->
	<bean id="securityManager" class="org.apache.shiro.web.mgt.DefaultWebSecurityManager">  
  	  <property name="realm" ref="myRealm"/>  
	</bean>  
	
	<!-- Shiro过滤器 -->
	<!-- <bean id="shiroFilter" class="org.apache.shiro.spring.web.ShiroFilterFactoryBean"> -->
	<bean id="shiroFilter" class="com.alucn.weblab.model.ShiroPermissionFactory">
	    <!-- Shiro的核心安全接口,这个属性是必须的 -->  
	    <property name="securityManager" ref="securityManager"/>
	    <!-- 身份认证失败，则跳转到登录页面的配置 -->  
	    <property name="loginUrl" value="/index.jsp"/>
	    <!-- 权限认证失败，则跳转到指定页面 -->  
	    <property name="unauthorizedUrl" value="/unauthorized.jsp"/>  
	    <!-- Shiro连接约束配置,即过滤链的定义 -->  
	    <property name="filterChainDefinitions">  
	        <value>  
	            /login=anon
	            /unauthorized.jsp=anon
	            /myHandler=anon
	        </value>  
	    </property>
	</bean>  
	
	<!-- 保证实现了Shiro内部lifecycle函数的bean执行 -->  
	<bean id="lifecycleBeanPostProcessor" class="org.apache.shiro.spring.LifecycleBeanPostProcessor"/>  
	
	<!-- 开启Shiro注解 -->
	<bean class="org.springframework.aop.framework.autoproxy.DefaultAdvisorAutoProxyCreator" depends-on="lifecycleBeanPostProcessor"/>  
  		<bean class="org.apache.shiro.spring.security.interceptor.AuthorizationAttributeSourceAdvisor">  
  	  <property name="securityManager" ref="securityManager"/>  
    </bean>   
</beans>